{
  "logistic_regression": {
    "accuracy": 0.6476681531029357,
    "precision": 0.683991202685496,
    "recall": 0.5489594946116685,
    "f1": 0.6090810699376386,
    "roc_auc": 0.7042303570222721
  },
  "random_forest": {
    "accuracy": 0.6613247863247863,
    "precision": 0.6692330182243446,
    "recall": 0.6379598662207357,
    "f1": 0.6532223543400713,
    "roc_auc": 0.7224662028734177
  },
  "lightgbm": {
    "accuracy": 0.6681531029357116,
    "precision": 0.6841302136317395,
    "recall": 0.6247677443329617,
    "f1": 0.6531028454889772,
    "roc_auc": 0.7356758108251613
  },
  "xgboost": {
    "accuracy": 0.6651802303976218,
    "precision": 0.6775514280007989,
    "recall": 0.6303418803418803,
    "f1": 0.6530946193088843,
    "roc_auc": 0.7334486464163891
  }
}